,CD27,CD28,CD38,HLADR,TIM3,PD1,FOXP3,CD25,CD127,CD95
Sub1,0.07236872613430023,-0.09526079148054123,-0.6742477416992188,-0.06329227238893509,-0.2743968963623047,-0.04048897698521614,3.868419885635376,4.51447057723999,-1.4056239128112793,1.2589031457901
Sub2,-1.1428028345108032,-0.9713113903999329,-0.4398258626461029,-0.04390857368707657,0.12107095122337341,0.05657431483268738,-0.13877621293067932,-0.20157396793365479,-0.5306992530822754,-0.34054699540138245
Sub3,0.5546607375144958,0.7479532957077026,0.3223252296447754,-0.030210956931114197,1.2848381996154785,0.2153279185295105,-0.11751173436641693,-0.10595467686653137,-0.005183880217373371,1.5817700624465942
Sub4,0.3184681236743927,0.24275550246238708,0.1332116276025772,-0.08378374576568604,-0.16193000972270966,-0.09894928336143494,-0.12698736786842346,-0.1351524293422699,0.24276353418827057,-0.14884842932224274
Sub5,-0.007688863668590784,0.10049325972795486,0.5878646969795227,5.13668155670166,-0.03738468512892723,0.03788337856531143,-0.0212973952293396,-0.09826602041721344,0.19914309680461884,1.1095283031463623
Sub6,-0.2935972809791565,0.3465854227542877,-0.1825494021177292,0.1692972630262375,0.12063877284526825,8.308650016784668,0.18305298686027527,-0.031889379024505615,-0.5291413068771362,1.8541674613952637
