,HC,PrEP,HIV_W0,HIV_W48
Sub1,2.9055555555555554,2.230769230769231,3.861103912930811,3.559116290361738
Sub2,23.16111111111111,33.292307692307695,20.877602142178457,14.15877640203933
Sub3,6.1722222222222225,3.3076923076923075,10.659065388269845,7.841709152706968
Sub4,64.98333333333333,60.753846153846155,62.65008205925542,72.70696771060938
Sub5,2.422222222222222,0.23846153846153847,1.1574673922432408,1.1653313911143481
Sub6,0.35555555555555557,0.17692307692307693,0.7946791051222251,0.5680990531682447
