,CD45RA,CCR7,CD27,CD28,CD38,HLADR,TIM3,PD1,FOXP3,CD25,CD127,CD95
MC1,-0.5052594187756679,-0.5142479749604655,0.6292874316074337,-0.0192228098290204,6.616399390459781,2.6774794932938772,0.4993361620024252,1.2766872532778275,0.2848956520103616,-0.2400713110978509,-0.8104402939718656,1.4531851592740983
MC2,-0.527800805492782,-0.559604436850715,-0.159221585351457,0.0601594145723889,2.456550346987993,8.105296942458176,-0.1484084152493422,0.896370209942492,0.4326572737305214,-0.191710371747251,-0.7758185628035618,1.807596633837021
MC5,-0.0528491132192827,-0.6725808522440538,-0.7953697661255376,-0.733668762067755,0.2968573226245721,-0.0442106472267819,2.0275223236325037,0.0225357302075962,0.0521150086456293,-0.2591254361704899,-0.7791566130611506,0.0330015252468061
MC6,-0.2874208864523316,-0.6866662286264061,-0.7038794604080156,-0.7387205711182379,-0.1561828860793929,0.0339789911703748,-0.2864960712565705,0.2415525589105662,-0.0179255683192534,-0.2605447124090225,-0.7590250441922044,0.0500214287573489
MC7,1.220114115480754,0.6804151576240468,0.88972693608224,-0.2248520868723303,-0.2250017095182477,-0.2438630594419772,0.0370693045982081,-0.272454174040542,-0.1680314575285363,-0.2170247759252695,0.2986207829975004,-0.7613563662221553
MC8,2.670864155992387,-0.6762246305461332,-0.923469695437002,-0.7854523923504784,0.2310277721058709,0.077642033521913,0.1748677300853103,-0.1284196876596371,0.0382035428349765,-0.2715206406546354,-0.8119522615985526,0.0820285415229044
MC9,0.4919668242229982,-0.4334399175099409,0.1137374122872697,-0.1379899755646963,1.1199967766534122,0.0883145272699369,7.633181565218869,0.2078821245518114,0.0450276949925549,-0.1743203059948936,-0.403136111783748,0.222375335610386
MC17,-0.5759717120170098,-0.5237443946071081,0.0106269594746847,0.3085742861790828,-0.3993327421611292,-0.1448090454069867,-0.1377692636123718,0.0557707097676049,-0.0755539897900872,-0.1172580619945397,0.7092409812395024,0.2878019713563078
